tissue,cq,cq_mean,cq_std,sq,sqmean,sq_std,logSQ,positive,organism_num,day,temp,titer,plate
Abd,0,38.82,0.77,0,7.75,3.77,0,0,1,3,27C,e7,1
LW,37.63,38.43,0.88,15.9,10.4,5.39,1.201397124,0,1,3,27C,e7,1
Sal,0,0,0,0,0,0,0,0,1,3,27C,e7,1
Abd,0,0,0,0,0,0,0,0,2,3,27C,e7,1
LW,0,0,0,0,0,0,0,0,2,3,27C,e7,1
Sal,0,0,0,0,0,0,0,0,2,3,27C,e7,1
Abd,0,0,0,0,0,0,0,0,3,3,27C,e7,1
LW,0,0,0,0,0,0,0,0,3,3,27C,e7,1
Sal,0,0,0,0,0,0,0,0,3,3,27C,e7,1
Abd,0,0,0,0,0,0,0,0,4,3,27C,e7,1
LW,39.03,39.14,0.15,6.34,5.9,0.567,0.802089258,0,4,3,27C,e7,1
Sal,0,0,0,0,0,0,0,0,4,3,27C,e7,1
Abd,0,39.02,0.6,0,6.61,2.52,0,0,5,3,27C,e7,1
LW,0,39.17,0.17,0,5.8,0.642,0,0,5,3,27C,e7,1
Sal,0,38.91,0.09,0,6.87,0.41,0,0,5,3,27C,e7,1
Abd,0,0,0,0,0,0,0,0,6,3,27C,e7,1
LW,0,0,0,0,0,0,0,0,6,3,27C,e7,1
Sal,0,0,0,0,0,0,0,0,6,3,27C,e7,1
Abd,0,0,0,0,0,0,0,0,7,3,27C,e7,1
LW,0,0,0,0,0,0,0,0,7,3,27C,e7,1
Sal,0,0,0,0,0,0,0,0,7,3,27C,e7,1
Abd,0,37.89,0.91,0,14.6,8.16,0,0,8,3,27C,e7,1
LW,37.03,38.55,1.32,23.5,11.4,10.5,1.371067862,0,8,3,27C,e7,1
Sal,0,0,0,0,0,0,0,0,8,3,27C,e7,1
Abd,0,38.33,1.27,0,13.8,10.3,0,0,9,3,27C,e7,2
LW,35.68,36.16,0.51,66.5,50.5,16.1,1.822821645,1,9,3,27C,e7,2
Sal,0,0,0,0,0,0,0,0,9,3,27C,e7,2
Abd,0,0,0,0,0,0,0,0,10,3,27C,e7,2
LW,0,0,0,0,0,0,0,0,10,3,27C,e7,2
Sal,0,0,0,0,0,0,0,0,10,3,27C,e7,2
Abd,0,39.8,1.03,0,4.97,3.12,0,0,11,3,27C,e7,2
LW,0,0,0,0,0,0,0,0,11,3,27C,e7,2
Sal,0,0,0,0,0,0,0,0,11,3,27C,e7,2
Abd,0,39.2,0.11,0,6.6,0.495,0,0,12,3,27C,e7,2
LW,38.05,38.84,0.69,14.1,9.02,4.41,1.149219113,0,12,3,27C,e7,2
Sal,0,0,0,0,0,0,0,0,12,3,27C,e7,2
Abd,0,38.63,0.73,0,10.2,4.67,0,0,13,3,27C,e7,2
LW,0,0,0,0,0,0,0,0,13,3,27C,e7,2
Sal,0,0,0,0,0,0,0,0,13,3,27C,e7,2
Abd,0,38.73,0.26,0,9.05,1.56,0,0,14,3,27C,e7,2
LW,0,38.14,0.64,0,13.8,5.67,0,0,14,3,27C,e7,2
Sal,0,0,0,0,0,0,0,0,14,3,27C,e7,2
Abd,35.32,35.69,0.32,84.6,67.3,15.1,1.927370363,1,15,3,27C,e7,2
LW,0,0,0,0,0,0,0,0,15,3,27C,e7,2
Sal,0,0,0,0,0,0,0,0,15,3,27C,e7,2
Abd,0,0,0,0,0,0,0,0,16,3,27C,e7,2
LW,26.54,32.87,8.95,26921,13464,19032,4.430091188,1,16,3,27C,e7,2
Sal,37,37.41,0.61,28.1,22.4,7.87,1.44870632,0,16,3,27C,e7,2
Abd,0,38.42,1.19,0,18.8,13.1,0,0,1,3,30C,e7,1
LW,36.38,36.88,0.51,60.6,45.6,14.6,1.782472624,1,1,3,30C,e7,1
Sal,0,39.33,0.15,0,9.12,0.904,0,0,1,3,30C,e7,1
Abd,38.21,38.64,0.37,18.7,14.5,3.67,1.271841607,0,2,3,30C,e7,1
LW,36.54,37.08,0.76,54.8,41.1,19.4,1.738780558,1,2,3,30C,e7,1
Sal,0,39.05,0.36,0,11,2.54,0,0,2,3,30C,e7,1
Abd,36.52,37.09,0.53,55.7,40,14.1,1.745855195,1,3,3,30C,e7,1
LW,37.44,37.94,0.81,30.7,24.1,10.3,1.487138375,0,3,3,30C,e7,1
Sal,0,39.38,0.27,0,8.91,1.56,0,0,3,3,30C,e7,1
Abd,36.37,36.76,0.59,61,49.8,16.5,1.785329835,1,4,3,30C,e7,1
LW,0,37.98,0.21,0,21.9,3,0,0,4,3,30C,e7,1
Sal,0,38.7,0.77,0,14.5,6.95,0,0,4,3,30C,e7,1
Abd,0,0,0,0,0,0,0,0,5,3,30C,e7,1
LW,37.6,38.6,0.87,27.7,16.2,9.88,1.442479769,0,5,3,30C,e7,1
Sal,0,0,0,0,0,0,0,0,5,3,30C,e7,1
Abd,36.42,36.74,0.32,59.3,49.1,10,1.773054693,1,6,3,30C,e7,1
LW,38.39,38.87,0.44,16.7,12.6,3.67,1.222716471,0,6,3,30C,e7,1
Sal,39.17,39.33,0.14,10.1,9.13,0.862,1.004321374,0,6,3,30C,e7,1
Abd,39.08,39.21,0.15,10.7,9.87,0.967,1.029383778,0,7,3,30C,e7,1
LW,0,39.75,1.37,0,8.33,6.52,0,0,7,3,30C,e7,1
Sal,0,0,0,0,0,0,0,0,7,3,30C,e7,1
Abd,38.62,38.75,0.2,14.4,13.3,1.63,1.158362492,0,8,3,30C,e7,1
LW,0,38.89,0.3,0,12.2,2.37,0,0,8,3,30C,e7,1
Sal,0,0,0,0,0,0,0,0,8,3,30C,e7,1
Abd,0,0,0,0,0,0,0,0,9,3,30C,e7,2
LW,37.88,38.23,0.58,27.6,22.9,7.45,1.440909082,0,9,3,30C,e7,2
Sal,0,39,0.58,0,13.9,5.06,0,0,9,3,30C,e7,2
Abd,0,0,0,0,0,0,0,0,10,3,30C,e7,2
LW,36.72,37.17,0.54,57.9,45,14.5,1.762678564,0,10,3,30C,e7,2
Sal,0,0,0,0,0,0,0,0,10,3,30C,e7,2
Abd,0,0,0,0,0,0,0,0,11,3,30C,e7,2
LW,0,39.52,0.05,0,9.59,0.303,0,0,11,3,30C,e7,2
Sal,0,40.1,0.03,0,6.59,0.128,0,0,11,3,30C,e7,2
Abd,0,0,0,0,0,0,0,0,12,3,30C,e7,2
LW,36.55,36.75,0.32,64.5,57.5,11,1.809559715,1,12,3,30C,e7,2
Sal,38.42,39.43,0.88,19.5,11.4,7.03,1.290034611,0,12,3,30C,e7,2
Abd,0,0,0,0,0,0,0,0,13,3,30C,e7,2
LW,37.63,38.29,1.11,32.3,24.4,13.1,1.509202522,0,13,3,30C,e7,2
Sal,0,0,0,0,0,0,0,0,13,3,30C,e7,2
Abd,0,0,0,0,0,0,0,0,14,3,30C,e7,2
LW,36.27,37.58,1.22,77.2,41,32.1,1.8876173,1,14,3,30C,e7,2
Sal,0,39.87,0.02,0,7.65,0.0934,0,0,14,3,30C,e7,2
Abd,0,0,0,0,0,0,0,0,15,3,30C,e7,2
LW,38.09,38.38,0.37,24,20.3,4.57,1.380211242,0,15,3,30C,e7,2
Sal,35.97,37.08,1.57,93.8,58.2,50.4,1.972202838,1,15,3,30C,e7,2
Abd,0,0,0,0,0,0,0,0,16,3,30C,e7,2
LW,36.44,36.94,0.55,69.2,52.4,17.4,1.840106094,1,16,3,30C,e7,2
Sal,38.26,39.77,1.39,21.5,10.7,9.51,1.33243846,0,16,3,30C,e7,2
Abd,35.64,36.06,0.36,62.2,48.3,12.1,1.793790385,1,9,3,33C,e7,3
LW,0,39.15,0.36,0,6.4,1.49,0,0,9,3,33C,e7,3
Sal,0,39.72,1.16,0,5.01,3.45,0,0,9,3,33C,e7,3
Abd,0,39.32,0.15,0,5.67,0.546,0,0,10,3,33C,e7,3
LW,37,38.03,0.97,25.7,15,9.53,1.409933123,0,10,3,33C,e7,3
Sal,0,38.16,0.48,0,12.3,3.79,0,0,10,3,33C,e7,3
Abd,35.89,36.36,0.45,53,40,12,1.72427587,1,11,3,33C,e7,3
LW,37.58,38.27,1.04,17.6,12.8,6.68,1.245512668,0,11,3,33C,e7,3
Sal,0,39.98,0.5,0,3.8,1.22,0,0,11,3,33C,e7,3
Abd,37.28,38.47,1.04,21.4,11.6,8.49,1.330413773,0,12,3,33C,e7,3
LW,36.4,37.2,0.89,37.8,25,12.9,1.5774918,1,12,3,33C,e7,3
Sal,0,0,0,0,0,0,0,0,12,3,33C,e7,3
Abd,35.42,36.43,0.87,71.7,41.7,25.9,1.855519156,1,13,3,33C,e7,3
LW,35.36,36.96,2.26,74.8,42.1,46.3,1.873901598,1,13,3,33C,e7,3
Sal,0,0,0,0,0,0,0,0,13,3,33C,e7,3
Abd,36.95,37.04,0.08,26.4,25,1.36,1.421603927,0,14,3,33C,e7,3
LW,35.54,36.7,1.16,66.3,37.4,26.3,1.821513528,1,14,3,33C,e7,3
Sal,0,0,0,0,0,0,0,0,14,3,33C,e7,3
Abd,36.82,37.25,0.49,28.8,22.5,6.79,1.459392488,0,15,3,33C,e7,3
LW,33.26,33.48,0.32,294,257,50,2.46834733,1,15,3,33C,e7,3
Sal,0,38.91,0.77,0,7.87,3.8,0,0,15,3,33C,e7,3
Abd,0,37.58,0.85,0,18.9,9.93,0,0,16,3,33C,e7,3
LW,34.89,35.15,0.25,101,86.2,14,2.004321374,1,16,3,33C,e7,3
Sal,0,0,0,0,0,0,0,0,16,3,33C,e7,3
Abd,34.65,34.72,0.1,186,179,11.5,2.269512944,1,17,3,33C,e7,3
LW,35.38,35.93,0.61,118,87.5,31.1,2.071882007,1,17,3,33C,e7,3
Sal,39.63,39.84,0.36,8.09,7.2,1.51,0.907948522,0,17,3,33C,e7,3
Abd,37.05,37.49,0.7,41.1,33.1,12.5,1.613841822,0,18,3,33C,e7,3
LW,36.58,37.09,0.48,55.4,41.4,12.8,1.743509765,0,18,3,33C,e7,3
Sal,38.42,38.97,0.5,17.4,12.7,4.16,1.240549248,0,18,3,33C,e7,3
Abd,31.4,31.6,0.21,1449,1285,166,3.161068385,1,19,3,33C,e7,3
LW,34.67,34.96,0.26,184,155,26,2.264817823,1,19,3,33C,e7,3
Sal,0,38.62,0.92,0,16.6,9.12,0,0,19,3,33C,e7,3
Abd,36.99,37.3,0.31,42.8,35.7,6.96,1.631443769,0,20,3,33C,e7,3
LW,37.37,38.62,1.09,33.7,18.1,13.5,1.527629901,0,20,3,33C,e7,3
Sal,0,0,0,0,0,0,0,0,20,3,33C,e7,3
Abd,30.42,30.63,0.19,2896,2540,309,3.461798558,1,1,7,30C,e7,1
LW,31.9,32.21,0.27,1144,951,169,3.058426024,1,1,7,30C,e7,1
Sal,39.17,39.61,0.7,11.9,9.57,3.6,1.075546961,0,1,7,30C,e7,1
Abd,30.84,31.14,0.26,2215,1854,313,3.345373731,1,2,7,30C,e7,1
LW,32.98,33.4,0.36,580,453,110,2.763427994,1,2,7,30C,e7,1
Sal,0,37.43,0.74,0,37.3,16.8,0,0,2,7,30C,e7,1
Abd,29.93,30.36,0.43,3940,3076,825,3.595496222,1,3,7,30C,e7,1
LW,32.9,32.97,0.1,607,585,35.8,2.783188691,1,3,7,30C,e7,1
Sal,0,39.04,0.11,0,12.8,0.922,0,0,3,7,30C,e7,1
Abd,28.72,28.86,0.12,8408,7739,596,3.924692703,1,4,7,30C,e7,1
LW,33.08,33.13,0.05,543,526,15.3,2.73479983,1,4,7,30C,e7,1
Sal,0,0,0,0,0,0,0,0,4,7,30C,e7,1
Abd,30.69,30.73,0.04,2446,2377,64.4,3.388456453,1,5,7,30C,e7,1
LW,33.36,33.64,0.25,456,386,61.4,2.658964843,1,5,7,30C,e7,1
Sal,0,0,0,0,0,0,0,0,5,7,30C,e7,1
Abd,29.32,29.69,0.34,5768,4648,1023,3.761025252,1,6,7,30C,e7,1
LW,30.52,30.61,0.1,2722,2569,163,3.434888121,1,6,7,30C,e7,1
Sal,0,40.02,1.28,0,8.08,5.87,0,0,6,7,30C,e7,1
Abd,30.86,31.15,0.25,2185,1839,304,3.339451441,1,7,7,30C,e7,1
LW,30.86,31.08,0.26,2186,1930,302,3.339650158,1,7,7,30C,e7,1
Sal,0,0,0,0,0,0,0,0,7,7,30C,e7,1
Abd,30.76,31.04,0.25,2332,1978,319,3.367728546,1,8,7,30C,e7,1
LW,31.53,31.67,0.12,1435,1322,99.3,3.156851901,1,8,7,30C,e7,1
Sal,0,38.76,1.44,0,18.6,14.8,0,0,8,7,30C,e7,1
Abd,32.41,32.8,0.34,1232,980,220,3.090610708,1,9,7,30C,e7,2
LW,30.73,30.88,0.13,3567,3259,271,3.552303109,1,9,7,30C,e7,2
Sal,0,38.86,0.7,0,21.7,9.32,0,0,9,7,30C,e7,2
Abd,30.86,30.96,0.16,3299,3098,308,3.518382316,1,10,7,30C,e7,2
LW,33.27,33.61,0.29,714,583,113,2.853698212,1,10,7,30C,e7,2
Sal,0,0,0,0,0,0,0,0,10,7,30C,e7,2
Abd,32.31,32.37,0.06,1316,1263,49.8,3.119255889,1,11,7,30C,e7,2
LW,28.52,28.6,0.08,14527,13757,677,4.162175937,1,11,7,30C,e7,2
Sal,36.7,37.43,0.95,81.4,57.1,28.4,1.910624405,0,11,7,30C,e7,2
Abd,33.45,33.56,0.18,637,599,67.3,2.804139432,1,12,7,30C,e7,2
LW,30.05,30.19,0.19,5501,5066,587,3.740441645,1,12,7,30C,e7,2
Sal,37.72,38.81,0.96,42.5,24.3,15.9,1.62838893,0,12,7,30C,e7,2
Abd,33.45,34.85,1.38,639,335,272,2.805500858,1,13,7,30C,e7,2
LW,34.85,36.43,2.12,262,149,121,2.418301291,1,13,7,30C,e7,2
Sal,0,39.34,0.02,0,15.2,0.185,0,0,13,7,30C,e7,2
Abd,36.61,37.15,0.49,86.2,63,20.4,1.935507266,0,14,7,30C,e7,2
LW,36.05,36.9,0.74,123,77.5,39.4,2.089905111,1,14,7,30C,e7,2
Sal,0,0,0,0,0,0,0,0,14,7,30C,e7,2
Abd,37.63,38.53,0.94,45,28.5,15.7,1.653212514,0,15,7,30C,e7,2
LW,36.74,37.27,0.46,79.3,58.3,18.2,1.899273187,0,15,7,30C,e7,2
Sal,0,0,0,0,0,0,0,0,15,7,30C,e7,2
Abd,0,39.04,0.64,0,19.2,7.59,0,0,16,7,30C,e7,2
LW,34.43,34.88,0.39,343,263,69.1,2.53529412,1,16,7,30C,e7,2
Sal,36.92,37.12,0.19,70.5,62.8,7.71,1.848189117,0,16,7,30C,e7,2
Abd,27.71,27.76,0.05,14509,14030,473,4.161637481,1,17,7,30C,e7,3
LW,0,38.71,0.38,0,11.8,2.83,0,0,17,7,30C,e7,3
Sal,0,0,0,0,0,0,0,0,17,7,30C,e7,3
Abd,27.78,27.94,0.18,13871,12500,1438,4.142107772,1,18,7,30C,e7,3
LW,0,38.86,0.77,0,11.2,5.33,0,0,18,7,30C,e7,3
Sal,0,39.62,0.36,0,6.51,1.51,0,0,18,7,30C,e7,3
Abd,26.92,27.17,0.22,24191,20672,3048,4.383653821,1,19,7,30C,e7,3
LW,35.52,36.83,1.15,91.7,47.9,38.1,1.962369336,1,19,7,30C,e7,3
Sal,0,0,0,0,0,0,0,0,19,7,30C,e7,3
Abd,26.94,27.26,0.27,23870,19660,3649,4.377852419,1,20,7,30C,e7,3
LW,36.88,37.5,0.68,38,27C,11,1.579783597,0,20,7,30C,e7,3
Sal,0,0,0,0,0,0,0,0,20,7,30C,e7,3
Abd,33.54,33.57,0.05,318,310,10.1,2.50242712,1,1,7,33C,e7,1
LW,36.05,37.4,1.18,61.7,31.6,26.1,1.790285164,1,1,7,33C,e7,1
Sal,0,0,0,0,0,0,0,0,1,7,33C,e7,1
Abd,31.07,31.44,0.32,1595,1270,282,3.202760687,1,2,7,33C,e7,1
LW,36.77,37.57,0.92,38.5,25.6,13.4,1.58546073,0,2,7,33C,e7,1
Sal,0,39.31,0.05,0,7.3,0.233,0,0,2,7,33C,e7,1
Abd,28.83,29.22,0.36,6900,5432,1312,3.838849091,1,3,7,33C,e7,1
LW,0,0,0,0,0,0,0,0,3,7,33C,e7,1
Sal,0,0,0,0,0,0,0,0,3,7,33C,e7,1
Abd,30.32,30.56,0.22,2609,2234,328,3.416474079,1,4,7,33C,e7,1
LW,0,38.12,1.35,0,19.1,14.9,0,0,4,7,33C,e7,1
Sal,0,39.8,1.2,0,6.15,4.38,0,0,4,7,33C,e7,1
Abd,31.68,31.76,0.11,1073,1014,68.7,3.030599722,1,5,7,33C,e7,1
LW,0,38.17,1.35,0,18.5,14.5,0,0,5,7,33C,e7,1
Sal,0,0,0,0,0,0,0,0,5,7,33C,e7,1
Abd,31.59,31.79,0.17,1133,1003,116,3.05422991,1,6,7,33C,e7,1
LW,0,38.64,0.75,0,12.1,5.69,0,0,6,7,33C,e7,1
Sal,0,38.65,0.36,0,11.5,2.66,0,0,6,7,33C,e7,1
Abd,33.51,33.68,0.18,323,291,33.8,2.509202522,1,7,7,33C,e7,1
LW,35.94,36.66,0.66,66.3,44.2,19.8,1.821513528,1,7,7,33C,e7,1
Sal,0,0,0,0,0,0,0,0,7,7,33C,e7,1
Abd,34.23,34.43,0.28,202,180,30.8,2.305351369,1,8,7,33C,e7,1
LW,35.29,36.65,1.99,102,62.4,47.6,2.008600172,1,8,7,33C,e7,1
Sal,0,0,0,0,0,0,0,0,8,7,33C,e7,1
Abd,33.07,33.37,0.32,177,146,32.7,2.247973266,1,9,7,33C,e7,2
LW,0,37.79,0.07,0,6.06,0.317,0,0,9,7,33C,e7,2
Sal,0,0,0,0,0,0,0,0,9,7,33C,e7,2
Abd,33.33,33.67,0.33,147,118,27.9,2.167317335,1,10,7,33C,e7,2
LW,39.15,39.34,0.22,2.28,2,0.304,0.357934847,0,10,7,33C,e7,2
Sal,0,0,0,0,0,0,0,0,10,7,33C,e7,2
Abd,34.6,34.98,0.33,59.2,46,11.4,1.772321707,1,11,7,33C,e7,2
LW,0,38.92,1.4,0,3.38,2.91,0,0,11,7,33C,e7,2
Sal,37.94,39.41,1.65,5.44,2.77,2.48,0.7355989,0,11,7,33C,e7,2
Abd,34.6,34.69,0.09,59.1,55.7,3.74,1.771587481,1,12,7,33C,e7,2
LW,37.27,38.65,1.24,8.77,4.28,3.92,0.942999593,0,12,7,33C,e7,2
Sal,0,0,0,0,0,0,0,0,12,7,33C,e7,2
Abd,33.46,33.73,0.28,134,112,22.1,2.127104798,1,13,7,33C,e7,2
LW,36.78,37.69,0.82,12.5,7.32,4.51,1.096910013,0,13,7,33C,e7,2
Sal,0,0,0,0,0,0,0,0,13,7,33C,e7,2
Abd,33.7,34.21,0.5,113,81.9,28.9,2.053078443,1,14,7,33C,e7,2
LW,39.17,39.45,0.25,2.24,1.85,0.346,0.350248018,0,14,7,33C,e7,2
Sal,0,38.57,0.1,0,3.45,0.244,0,0,14,7,33C,e7,2
Abd,32.81,32.93,0.12,214,196,17.5,2.330413773,1,15,7,33C,e7,2
LW,37.68,37.94,0.31,6.52,5.49,1.15,0.814247596,0,15,7,33C,e7,2
Sal,0,0,0,0,0,0,0,0,15,7,33C,e7,2
Abd,37.14,37.54,0.43,9.63,7.44,2.2,0.983626287,0,16,7,33C,e7,2
LW,0,0,0,0,0,0,0,0,16,7,33C,e7,2
Sal,0,39.21,0.2,0,2.19,0.319,0,0,16,7,33C,e7,2
Abd,0,0,0,0,0,0,0,0,1,14,27C,e7,1
LW,0,37.45,0.66,0,15.9,6.9,0,0,1,14,27C,e7,1
Sal,0,0,0,0,0,0,0,0,1,14,27C,e7,1
Abd,35.15,35.49,0.34,72.4,58.2,13.4,1.859738566,1,2,14,27C,e7,1
LW,0,39.69,0.78,0,3.49,1.78,0,0,2,14,27C,e7,1
Sal,0,0,0,0,0,0,0,0,2,14,27C,e7,1
Abd,34.93,35.19,0.23,83.8,71.1,11.4,1.923244019,1,3,14,27C,e7,1
LW,37.11,38.62,1.32,19,9.05,8.62,1.278753601,0,3,14,27C,e7,1
Sal,0,0,0,0,0,0,0,0,3,14,27C,e7,1
Abd,37.12,38.85,2.57,18.8,11,9.25,1.274157849,0,4,14,27C,e7,1
LW,0,0,0,0,0,0,0,0,4,14,27C,e7,1
Sal,0,0,0,0,0,0,0,0,4,14,27C,e7,1
Abd,36.36,36.98,0.59,31.7,21.9,8.97,1.501059262,1,5,14,27C,e7,1
LW,37.39,38.8,1.22,15.7,7.72,6.9,1.195899652,0,5,14,27C,e7,1
Sal,0,0,0,0,0,0,0,0,5,14,27C,e7,1
Abd,32.07,32.13,0.05,591,569,18.9,2.771587481,1,6,14,27C,e7,1
LW,36.43,36.67,0.21,30.2,25.8,3.77,1.480006943,1,6,14,27C,e7,1
Sal,39.04,39.83,0.75,5.1,3.25,1.68,0.707570176,0,6,14,27C,e7,1
Abd,0,38.96,0.72,0,5.71,2.71,0,0,7,14,27C,e7,1
LW,0,38.64,0.84,0,7.26,3.96,0,0,7,14,27C,e7,1
Sal,0,0,0,0,0,0,0,0,7,14,27C,e7,1
Abd,0,0,0,0,0,0,0,0,8,14,27C,e7,1
LW,0,0,0,0,0,0,0,0,8,14,27C,e7,1
Sal,0,0,0,0,0,0,0,0,8,14,27C,e7,1
Abd,36.99,37.24,0.23,35.5,30.4,4.68,1.550228353,0,17,14,27C,e7,3
LW,0,40.6,1.9,0,4.8,4.77,0,0,17,14,27C,e7,3
Sal,0,0,0,0,0,0,0,0,17,14,27C,e7,3
Abd,36.47,37.13,0.64,49.5,34.2,14.1,1.694605199,1,18,14,27C,e7,3
LW,37.44,38.65,1.04,26.4,14.3,10.5,1.421603927,0,18,14,27C,e7,3
Sal,0,0,0,0,0,0,0,0,18,14,27C,e7,3
Abd,0,38.32,1.03,0,16.6,10.4,0,0,19,14,27C,e7,3
LW,0,0,0,0,0,0,0,0,19,14,27C,e7,3
Sal,0,0,0,0,0,0,0,0,19,14,27C,e7,3
Abd,37.78,38.76,0.96,21.2,12.7,7.71,1.326335861,0,20,14,27C,e7,3
LW,0,37.88,0.48,0,20.4,6.27,0,0,20,14,27C,e7,3
Sal,0,0,0,0,0,0,0,0,20,14,27C,e7,3
Abd,40.25,39.62,1.53,18.4,35.3,33.4,1.547774705,0,17,3,27C,e7,3
LW,40.25,39.22,1.46,18.4,40.1,30.7,1.603144373,0,17,3,27C,e7,3
Sal,39.18,39.44,0.37,34.5,29.9,6.39,1.475671188,0,17,3,27C,e7,3
Abd,38.5,38.2,0.41,51.5,62,14.8,1.792391689,0,18,3,27C,e7,3
LW,37.98,38.74,1.08,69.7,49.1,29.1,1.691081492,0,18,3,27C,e7,3
Sal,40.4,39.41,0.86,16.8,32.6,13.7,1.5132176,0,18,3,27C,e7,3
Abd,35.32,35.22,0.26,331,354,55.1,2.549003262,1,19,3,27C,e7,3
LW,40.42,39.54,1,16.6,31.4,19.1,1.496929648,0,19,3,27C,e7,3
Sal,37.63,38.82,1.69,85.7,53.4,45.6,1.727541257,0,19,3,27C,e7,3
Abd,0,38.65,0.52,0,48,14.3,1.681241237,0,20,3,27C,e7,3
LW,38.51,39.23,1.04,50.9,37.4,18.2,1.572871602,0,20,3,27C,e7,3
Sal,38.61,39.23,0.65,48.2,35.1,12.8,1.545307116,0,20,3,27C,e7,3
Abd,36.87,37.7,1.13,55.2,37.7,20.9,1.57634135,0,9,14,27C,e7,2
LW,39.75,39.1,0.89,9.14,15.3,9.2,1.184691431,0,9,14,27C,e7,2
Sal,39.17,0,0,13.1,0,0,0,0,9,14,27C,e7,2
Abd,38.56,37.64,1.3,19.1,39.7,29.1,1.598790507,0,10,14,27C,e7,2
LW,0,38.31,0.86,0,24,12.2,1.380211242,0,10,14,27C,e7,2
Sal,0,0,0,0,0,0,0,0,10,14,27C,e7,2
Abd,36.85,37.77,1.22,55.6,37.1,21.7,1.56937391,0,11,14,27C,e7,2
LW,39.37,39.3,0.06,11.6,12.1,0.443,1.08278537,0,11,14,27C,e7,2
Sal,0,0,0,0,0,0,0,0,11,14,27C,e7,2
Abd,0,0,0,0,0,0,0,0,12,14,27C,e7,2
LW,36.81,38.51,2.4,57.3,32.1,35.7,1.506505032,0,12,14,27C,e7,2
Sal,0,0,0,0,0,0,0,0,12,14,27C,e7,2
Abd,39.32,0,0,11.9,0,0,0,0,13,14,27C,e7,2
LW,37.63,37.69,0.63,34.2,34.6,12.9,1.539076099,0,13,14,27C,e7,2
Sal,0,0,0,0,0,0,0,0,13,14,27C,e7,2
Abd,38.65,38.54,0.15,18.2,19.5,1.86,1.290034611,0,14,14,27C,e7,2
LW,0,0,0,0,0,0,0,0,14,14,27C,e7,2
Sal,0,0,0,0,0,0,0,0,14,14,27C,e7,2
Abd,36.27,36.46,0.88,79.8,78,38.1,1.892094603,1,15,14,27C,e7,2
LW,39.28,39.05,0.55,12.2,14.7,5.33,1.167317335,0,15,14,27C,e7,2
Sal,0,0,0,0,0,0,0,0,15,14,27C,e7,2
Abd,0,0,0,0,0,0,0,0,16,14,27C,e7,2
LW,37.67,0,0,33.4,0,0,0,0,16,14,27C,e7,2
Sal,0,37.75,2.26,0,49.1,52.8,1.691081492,0,16,14,27C,e7,2
Abd,37.03,36.63,0.58,348,448,151,2.651278014,0,17,3,30C,e7,3
LW,37.98,37.87,0.28,207,221,35.3,2.344392274,0,17,3,30C,e7,3
Sal,0,0,0,0,0,0,0,0,17,3,30C,e7,3
Abd,36.44,38.01,1.4,480,250,201,2.397940009,0,18,3,30C,e7,3
LW,37.26,36.75,0.45,307,413,94.4,2.615950052,0,18,3,30C,e7,3
Sal,0,0,0,0,0,0,0,0,18,3,30C,e7,3
Abd,37.98,37.29,0.87,207,326,165,2.5132176,0,19,3,30C,e7,3
LW,38.55,37.98,0.51,151,212,54.4,2.326335861,0,19,3,30C,e7,3
Sal,0,0,0,0,0,0,0,0,19,3,30C,e7,3
Abd,36.88,37.5,0.87,377,288,117,2.459392488,0,20,3,30C,e7,3
LW,36.55,37.04,0.64,452,360,114,2.556302501,0,20,3,30C,e7,3
Sal,39.82,0,0,75.3,0,0,0,0,20,3,30C,e7,3
Abd,32.71,32.93,0.22,765,667,92.5,2.824125834,1,1,14,30C,e7,1
LW,36.01,37.01,0.88,94,55.4,33.5,1.743509765,0,1,14,30C,e7,1
Sal,0,0,0,0,0,0,0,0,1,14,30C,e7,1
Abd,34.69,35.41,0.63,217,145,62.3,2.161368002,1,2,14,30C,e7,1
LW,35.66,36.1,0.66,117,93.5,33.8,1.970811611,1,2,14,30C,e7,1
Sal,0,0,0,0,0,0,0,0,2,14,30C,e7,1
Abd,36.03,36.66,0.64,92.9,65.8,26.1,1.818225894,0,3,14,30C,e7,1
LW,34.48,34.74,0.24,248,212,32.5,2.326335861,1,3,14,30C,e7,1
Sal,0,0,0,0,0,0,0,0,3,14,30C,e7,1
Abd,35.56,35.76,0.33,125,112,22,2.049218023,1,4,14,30C,e7,1
LW,35.68,35.88,0.19,115,102,12.4,2.008600172,1,4,14,30C,e7,1
Sal,0,0,0,0,0,0,0,0,4,14,30C,e7,1
Abd,35.91,36.32,0.94,100,85.3,41,1.930949031,1,5,14,30C,e7,1
LW,35.39,35.43,0.3,139,138,25.6,2.139879086,1,5,14,30C,e7,1
Sal,0,0,0,0,0,0,0,0,5,14,30C,e7,1
Abd,34.72,34.76,0.22,213,209,29,2.320146286,1,6,14,30C,e7,1
LW,35.5,36.42,0.93,130,81.1,45.5,1.909020854,1,6,14,30C,e7,1
Sal,0,0,0,0,0,0,0,0,6,14,30C,e7,1
Abd,37.96,36.92,0.92,27.1,58.2,27.9,1.764922985,0,7,14,30C,e7,1
LW,36.45,36.44,0.01,71,71.6,0.515,1.854913022,1,7,14,30C,e7,1
Sal,0,0,0,0,0,0,0,0,7,14,30C,e7,1
Abd,37.63,36.67,1.13,33.6,73.6,54.5,1.866877814,0,8,14,30C,e7,1
LW,35.64,35.07,0.94,119,194,127,2.28780173,1,8,14,30C,e7,1
Sal,0,0,0,0,0,0,0,0,8,14,30C,e7,1
Abd,33.96,33.95,0.25,853,864,127,2.936513742,1,9,14,30C,e7,2
LW,35.29,35.48,0.21,394,355,43.2,2.550228353,1,9,14,30C,e7,2
Sal,39.91,0,0,27.1,0,0,0,0,9,14,30C,e7,2
Abd,37.73,37.78,0.08,96.1,93.1,4.31,1.968949681,0,10,14,30C,e7,2
LW,37.52,36.88,0.75,108,167,76,2.222716471,0,10,14,30C,e7,2
Sal,0,0,0,0,0,0,0,0,10,14,30C,e7,2
Abd,38.24,37.68,0.49,71.6,101,25.9,2.004321374,0,11,14,30C,e7,2
LW,34.64,34.54,0.97,574,678,382,2.831229694,1,11,14,30C,e7,2
Sal,0,0,0,0,0,0,0,0,11,14,30C,e7,2
Abd,36.28,36.4,0.43,222,212,49.7,2.326335861,1,12,14,30C,e7,2
LW,35.91,35.4,0.71,275,392,173,2.593286067,1,12,14,30C,e7,2
Sal,0,0,0,0,0,0,0,0,12,14,30C,e7,2
Abd,0,0,0,0,0,0,0,0,13,14,30C,e7,2
LW,39.35,0,0,37.5,0,0,0,0,13,14,30C,e7,2
Sal,0,0,0,0,0,0,0,0,13,14,30C,e7,2
Abd,37.81,37.42,0.59,91.6,119,43.3,2.075546961,0,14,14,30C,e7,2
LW,0,38.91,1.19,0,54.2,34.5,1.733999287,0,14,14,30C,e7,2
Sal,0,0,0,0,0,0,0,0,14,14,30C,e7,2
Abd,33.58,33.32,0.33,1058,1251,250,3.09725731,1,15,14,30C,e7,2
LW,0,0,0,0,0,0,0,0,15,14,30C,e7,2
Sal,0,0,0,0,0,0,0,0,15,14,30C,e7,2
Abd,0,0,0,0,0,0,0,0,16,14,30C,e7,2
LW,0,0,0,0,0,0,0,0,16,14,30C,e7,2
Sal,0,0,0,0,0,0,0,0,16,14,30C,e7,2
Abd,37.46,37.25,0.49,291,334,92.9,2.523746467,0,1,3,33C,e7,1
LW,34.6,35.2,0.56,1363,1013,316,3.005609445,1,1,3,33C,e7,1
Sal,40.3,40.51,0.31,62.7,56.2,9.27,1.749736316,0,1,3,33C,e7,1
Abd,37.76,37.96,0.44,247,226,49.5,2.354108439,0,2,3,33C,e7,1
LW,35.35,35.6,0.35,908,800,144,2.903089987,1,2,3,33C,e7,1
Sal,0,0,0,0,0,0,0,0,2,3,33C,e7,1
Abd,36.76,36.93,0.26,423,388,52.5,2.588831726,0,3,3,33C,e7,1
LW,36.55,36.84,0.41,476,411,90.7,2.613841822,0,3,3,33C,e7,1
Sal,37.52,38.08,0.72,280,218,75.7,2.338456494,0,3,3,33C,e7,1
Abd,34.45,34.78,0.29,1476,1243,205,3.094471129,1,4,3,33C,e7,1
LW,36.06,36.26,0.19,619,556,57.3,2.745074792,1,4,3,33C,e7,1
Sal,39.72,39.68,0.06,85.5,87.5,2.8,1.942008053,0,4,3,33C,e7,1
Abd,36.59,37.78,1.04,464,274,166,2.437750563,0,5,3,33C,e7,1
LW,37.92,37.41,0.69,227,314,125,2.496929648,0,5,3,33C,e7,1
Sal,41.49,40.74,1.06,33C,53.5,29,1.728353782,0,5,3,33C,e7,1
Abd,37.84,38.06,0.28,236,211,31.1,2.324282455,0,6,3,33C,e7,1
LW,36.7,36.72,0.25,438,435,56.9,2.638489257,0,6,3,33C,e7,1
Sal,39.73,0,0,85.1,0,0,0,0,6,3,33C,e7,1
Abd,37.14,37.49,0.31,346,289,49.6,2.460897843,0,7,3,33C,e7,1
LW,38.41,39.21,0.69,173,118,47.8,2.071882007,0,7,3,33C,e7,1
Sal,39.71,0,0,86.2,0,0,0,0,7,3,33C,e7,1
Abd,36.49,38.64,3.14,489,282,238,2.450249108,0,8,3,33C,e7,1
LW,40.37,0,0,60.3,0,0,0,0,8,3,33C,e7,1
Sal,39.78,40.29,0.72,82.8,65.3,24.8,1.814913181,0,8,3,33C,e7,1
Abd,35.6,35.28,0.34,761,917,171,2.962369336,1,17,7,33C,e7,3
LW,38.51,38.33,0.84,155,183,86.6,2.26245109,0,17,7,33C,e7,3
Sal,0,38.46,0.71,0,165,62.9,2.217483944,0,17,7,33C,e7,3
Abd,36.06,35.59,0.53,591,788,236,2.896526217,1,18,7,33C,e7,3
LW,37.31,0,0,298,0,0,0,0,18,7,33C,e7,3
Sal,0,0,0,0,0,0,0,0,18,7,33C,e7,3
Abd,35.63,35.77,0.23,748,697,83,2.843232778,1,19,7,33C,e7,3
LW,39.66,39.44,0.31,82.3,93.6,16,1.971275849,0,19,7,33C,e7,3
Sal,0,0,0,0,0,0,0,0,19,7,33C,e7,3
Abd,35.88,35.76,0.23,653,700,92.8,2.84509804,1,20,7,33C,e7,3
LW,37.79,33.29,10.28,229,561000,972000,5.748962861,0,20,7,33C,e7,3
Sal,39.52,40.76,1.75,88.7,55.8,46.5,1.746634199,0,20,7,33C,e7,3
Abd,0,0,0,0,0,0,0,0,1,14,33C,e7,1
LW,12.59,26.44,19.58,232000000,116000000,164000000,8.064457989,0,1,14,33C,e7,1
Sal,0,0,0,0,0,0,0,0,1,14,33C,e7,1
Abd,38.99,39.68,0.97,394,296,139,2.471291711,0,2,14,33C,e7,1
LW,0,0,0,0,0,0,0,0,2,14,33C,e7,1
Sal,0,0,0,0,0,0,0,0,2,14,33C,e7,1
Abd,37.45,38.49,1.47,857,579,393,2.762678564,0,3,14,33C,e7,1
LW,38.01,39.29,1.11,646,380,231,2.579783597,0,3,14,33C,e7,1
Sal,39.52,0,0,302,0,0,0,0,3,14,33C,e7,1
Abd,37.97,38.69,0.88,659,487,193,2.687528961,0,4,14,33C,e7,1
LW,38.09,38.59,0.71,620,498,173,2.697229343,0,4,14,33C,e7,1
Sal,41.32,40.15,1.01,122,238,100,2.376576957,0,4,14,33C,e7,1
Abd,39.7,39.69,0.93,276,298,137,2.474216264,0,5,14,33C,e7,1
LW,39.63,38.86,1.2,286,480,317,2.681241237,0,5,14,33C,e7,1
Sal,0,0,0,0,0,0,0,0,5,14,33C,e7,1
Abd,0,0,0,0,0,0,0,0,6,14,33C,e7,1
LW,0,40.21,0.78,0,222,84.8,2.346352974,0,6,14,33C,e7,1
Sal,0,0,0,0,0,0,0,0,6,14,33C,e7,1
Abd,38.56,0,0,491,0,0,0,0,7,14,33C,e7,1
LW,0,0,0,0,0,0,0,0,7,14,33C,e7,1
Sal,39.66,0,0,282,0,0,0,0,7,14,33C,e7,1
Abd,38.57,40.33,2.94,487,328,253,2.515873844,0,8,14,33C,e7,1
LW,0,0,0,0,0,0,0,0,8,14,33C,e7,1
Sal,0,0,0,0,0,0,0,0,8,14,33C,e7,1
Abd,37.99,38.5,0.72,468,370,138,2.568201724,0,9,14,33C,e7,2
LW,39.51,39.82,0.44,208,179,41.6,2.252853031,0,9,14,33C,e7,2
Sal,0,0,0,0,0,0,0,0,9,14,33C,e7,2
Abd,38.64,39.1,0.64,331,267,89.9,2.426511261,0,10,14,33C,e7,2
LW,0,0,0,0,0,0,0,0,10,14,33C,e7,2
Sal,0,0,0,0,0,0,0,0,10,14,33C,e7,2
Abd,38.15,39.09,1.32,429,294,191,2.46834733,0,11,14,33C,e7,2
LW,37.32,38.27,0.91,669,437,212,2.640481437,0,11,14,33C,e7,2
Sal,0,0,0,0,0,0,0,0,11,14,33C,e7,2
Abd,39.43,38.94,0.86,218,305,151,2.484299839,0,12,14,33C,e7,2
LW,0,0,0,0,0,0,0,0,12,14,33C,e7,2
Sal,0,0,0,0,0,0,0,0,12,14,33C,e7,2
Abd,38.71,39.09,0.54,319,266,75.6,2.424881637,0,13,14,33C,e7,2
LW,0,0,0,0,0,0,0,0,13,14,33C,e7,2
Sal,0,0,0,0,0,0,0,0,13,14,33C,e7,2
Abd,0,38.59,0.7,0,352,129,2.546542663,0,14,14,33C,e7,2
LW,0,38.96,0.65,0,287,97.4,2.457881897,0,14,14,33C,e7,2
Sal,0,0,0,0,0,0,0,0,14,14,33C,e7,2
Abd,39.46,39.32,0.2,214,232,24.7,2.365487985,0,15,14,33C,e7,2
LW,0,0,0,0,0,0,0,0,15,14,33C,e7,2
Sal,0,0,0,0,0,0,0,0,15,14,33C,e7,2
Abd,0,0,0,0,0,0,0,0,16,14,33C,e7,2
LW,0,0,0,0,0,0,0,0,16,14,33C,e7,2
Sal,0,0,0,0,0,0,0,0,16,14,33C,e7,2
Abd,39.39,39.04,0.5,562,674,158,2.828659897,0,17,14,33C,e7,3
LW,0,0,0,0,0,0,0,0,17,14,33C,e7,3
Sal,0,39.08,0.17,0,653,52.2,2.814913181,0,17,14,33C,e7,3
Abd,0,38.34,1,0,972,442,2.987666265,0,18,14,33C,e7,3
LW,38.86,0,0,723,0,0,0,0,18,14,33C,e7,3
Sal,0,0,0,0,0,0,0,0,18,14,33C,e7,3
Abd,38.87,38.8,0.07,719,744,25.4,2.871572936,0,19,14,33C,e7,3
LW,39.31,0,0,584,0,0,0,0,19,14,33C,e7,3
Sal,0,0,0,0,0,0,0,0,19,14,33C,e7,3
Abd,0,38.87,0.47,0,725,158,2.860338007,0,20,14,33C,e7,3
LW,35.56,35.78,0.19,3405,3077,286,3.488127496,1,20,14,33C,e7,3
Sal,0,0,0,0,0,0,0,0,20,14,33C,e7,3
Abd,30.64,31.54,0.8,2614,1606,879,3.205745541,1,1,7,27C,e7,1
LW,38.26,38.94,0.58,20.1,13.8,5.53,1.139879086,0,1,7,27C,e7,1
Sal,33.64,33.92,0.31,386,326,62.6,2.5132176,1,1,7,27C,e7,1
Abd,29.83,30C,0.18,4373,3931,453,3.594503044,1,2,7,27C,e7,1
LW,36.89,39.53,3.74,48.4,25.1,33.1,1.399673721,0,2,7,27C,e7,1
Sal,37.67,38.46,0.88,29.5,19.6,9.9,1.292256071,0,2,7,27C,e7,1
Abd,29.53,29.79,0.22,5278,4523,665,3.655426588,1,3,7,27C,e7,1
LW,36.52,37.38,0.75,61.4,38.5,19.9,1.58546073,0,3,7,27C,e7,1
Sal,40.3,39.02,1.36,5.51,15.9,13.3,1.201397124,0,3,7,27C,e7,1
Abd,35.28,36.02,0.71,135,90.2,40.9,1.955206538,1,4,7,27C,e7,1
LW,36.24,36.64,0.47,73.5,58.5,16.4,1.767155866,0,4,7,27C,e7,1
Sal,39.49,38.95,0.77,9.2,13.8,6.53,1.139879086,0,4,7,27C,e7,1
Abd,31.08,31.02,0.11,1966,2048,150,3.311329952,1,5,7,27C,e7,1
LW,37.67,38.32,0.92,29.5,21.5,10.2,1.33243846,0,5,7,27C,e7,1
Sal,0,38.35,1.05,0,21.3,13.3,1.328379603,0,5,7,27C,e7,1
Abd,32.19,32.37,0.25,970,870,132,2.939519253,1,6,7,27C,e7,1
LW,38.29,38.87,0.51,19.8,14.2,4.88,1.152288344,0,6,7,27C,e7,1
Sal,0,0,0,0,0,0,0,0,6,7,27C,e7,1
Abd,37.78,38.39,0.7,27.4,19.8,8.01,1.29666519,0,7,7,27C,e7,1
LW,36.62,37.39,1.4,57.5,43.5,26.8,1.638489257,0,7,7,27C,e7,1
Sal,0,0,0,0,0,0,0,0,7,7,27C,e7,1
Abd,36.9,37.53,0.6,48.1,33.8,13,1.5289167,0,8,7,27C,e7,1
LW,36.41,36.29,0.76,65.7,77,38,1.886490725,1,8,7,27C,e7,1
Sal,39.46,39.35,0.15,9.4,10.1,0.993,1.004321374,0,8,7,27C,e7,1
Abd,36,35.56,0.4,101,137,32.2,2.136720567,1,9,7,27C,e7,2
LW,36.23,36.78,0.76,87.5,66,27.1,1.819543936,0,9,7,27C,e7,2
Sal,39.56,0,0,10.6,0,0,0,0,9,7,27C,e7,2
Abd,35.96,35.83,0.22,104,113,16.2,2.053078443,1,10,7,27C,e7,2
LW,0,37.63,0.32,0,36.3,7.4,1.559906625,0,10,7,27C,e7,2
Sal,0,0,0,0,0,0,0,0,10,7,27C,e7,2
Abd,36.14,37.4,1.31,92.3,51.4,37.9,1.710963119,0,11,7,27C,e7,2
LW,38.62,37.91,1,19.2,33.1,19.7,1.519827994,0,11,7,27C,e7,2
Sal,0,0,0,0,0,0,0,0,11,7,27C,e7,2
Abd,37.17,38.08,1.62,48.2,35.3,23.5,1.547774705,0,12,7,27C,e7,2
LW,39.13,37.75,1.22,13.9,39.3,23.5,1.59439255,0,12,7,27C,e7,2
Sal,39.46,39.43,0.04,11.2,11.4,0.269,1.056904851,0,12,7,27C,e7,2
Abd,37.25,37.39,0.57,45.7,43.7,14.7,1.640481437,0,13,7,27C,e7,2
LW,0,37.73,0.04,0,33.6,0.792,1.526339277,0,13,7,27C,e7,2
Sal,0,0,0,0,0,0,0,0,13,7,27C,e7,2
Abd,37.09,37.59,0.71,50.7,38.7,16.9,1.587710965,0,14,7,27C,e7,2
LW,37.36,38.4,1.47,42.5,26.9,22,1.42975228,0,14,7,27C,e7,2
Sal,0,0,0,0,0,0,0,0,14,7,27C,e7,2
Abd,38.78,38.39,0.55,17.3,22.8,7.87,1.357934847,0,15,7,27C,e7,2
LW,36.67,37.58,0.86,66,40.9,22.6,1.611723308,0,15,7,27C,e7,2
Sal,39.65,39.03,0.98,9.95,16.9,11.5,1.227886705,0,15,7,27C,e7,2
Abd,33.46,33.31,0.28,507,564,105,2.751279104,1,16,7,27C,e7,2
LW,36.92,37.48,0.89,56.2,43.2,19.8,1.635483747,0,16,7,27C,e7,2
Sal,39.49,0,0,11,0,0,0,0,16,7,27C,e7,2
Abd,38.06,38.73,1.49,66.4,55.4,34.7,1.743509765,0,17,7,27C,e7,3
LW,37.21,37.98,0.9,110,75.8,35.4,1.879669206,0,17,7,27C,e7,3
Sal,38.51,39.26,1.07,51.2,36.2,21.2,1.558708571,0,17,7,27C,e7,3
Abd,36.98,37,0.27,125,125,19.2,2.096910013,0,18,7,27C,e7,3
LW,37.93,37.37,0.71,71.6,106,47,2.025305865,0,18,7,27C,e7,3
Sal,41.86,40.82,1.48,7.17,15.8,12.2,1.198657087,0,18,7,27C,e7,3
Abd,40.45,40.43,0.03,16.3,16.5,0.295,1.217483944,0,19,7,27C,e7,3
LW,37.22,37.23,0.19,109,109,11.9,2.037426498,0,19,7,27C,e7,3
Sal,39.14,38.5,0.91,35.2,54.9,27.8,1.739572344,0,19,7,27C,e7,3
Abd,37.42,38.36,0.88,96.6,61.1,31.9,1.78604121,0,20,7,27C,e7,3
LW,40,38.75,1.11,21.4,50.1,26.9,1.699837726,0,20,7,27C,e7,3
Sal,41.29,39.7,1.38,10,30.4,17.7,1.482873584,0,20,7,27C,e7,3
